hora,dato
0:00:00,51.78238
1:00:00,22.98975
2:00:00,19.10325
3:00:00,0
4:00:00,-1.740851
5:00:00,2.5
6:00:00,6.15564
7:00:00,9.033
8:00:00,2.5465
9:00:00,203.21687
10:00:00,0
11:00:00,2.43183
12:00:00,26.496214
13:00:00,0
14:00:00,4.7325
15:00:00,0.199
16:00:00,0
17:00:00,0
18:00:00,0
19:00:00,2.08669
20:00:00,0.9
21:00:00,0
22:00:00,0
23:00:00,8.3921
0:00:00,1.54766
1:00:00,7.91707
2:00:00,3.17714
3:00:00,2.84545
4:00:00,6.848
5:00:00,59.16
6:00:00,1.53252
7:00:00,0
8:00:00,0.079236
9:00:00,2.21004
10:00:00,0
11:00:00,1.1174
12:00:00,9.6774
13:00:00,0
14:00:00,0.7913
15:00:00,0
16:00:00,44.221
17:00:00,1.1495
18:00:00,0
19:00:00,2.91399
20:00:00,0
21:00:00,8.3921
22:00:00,29.62438
23:00:00,0.73815
0:00:00,4.26058
1:00:00,4.82917
2:00:00,3.476216
3:00:00,3.402903
4:00:00,23.021
5:00:00,30.224
6:00:00,0
7:00:00,0
8:00:00,-2.132068
9:00:00,2.5
10:00:00,21.63444
11:00:00,103.119
12:00:00,1.9819
13:00:00,121.87825
14:00:00,0
15:00:00,11.87828
16:00:00,4.1495
17:00:00,0
18:00:00,0
19:00:00,0.36786
20:00:00,4.1247
21:00:00,0
22:00:00,19.922747
23:00:00,17.25178
0:00:00,7.31382
1:00:00,11.96097
2:00:00,0.0234
3:00:00,0
4:00:00,84.264
5:00:00,5.12
6:00:00,5.646406
7:00:00,0
8:00:00,0
9:00:00,4.7325
10:00:00,0
11:00:00,0
12:00:00,0
13:00:00,0.54842
14:00:00,0
15:00:00,0.9
16:00:00,0
17:00:00,1.98446
18:00:00,5.08073
19:00:00,0.00065
20:00:00,51.968
21:00:00,0
22:00:00,1.629075
23:00:00,0
0:00:00,0.24522
1:00:00,0
2:00:00,3.05087
3:00:00,0
4:00:00,11.50813
5:00:00,4.4479
6:00:00,0
7:00:00,0.7703
8:00:00,43.418
9:00:00,48.75313
10:00:00,0
11:00:00,7.0285
12:00:00,8.453611
13:00:00,-2.674354
14:00:00,1.2492
15:00:00,0
16:00:00,3.09795
17:00:00,24.780585
18:00:00,0
19:00:00,24.65
20:00:00,52.032
21:00:00,0
22:00:00,0
23:00:00,0
0:00:00,0
1:00:00,5
2:00:00,15.6047
3:00:00,3.9676
4:00:00,0
5:00:00,7.249947
6:00:00,7.20266
7:00:00,0
8:00:00,0
9:00:00,0
10:00:00,0
11:00:00,0
12:00:00,18.68064
13:00:00,4.05261
14:00:00,7.333341
15:00:00,0.00041
16:00:00,50.404
17:00:00,20.89975
18:00:00,0
19:00:00,1.713075
20:00:00,3.08031
21:00:00,0.73815
22:00:00,0
23:00:00,28.12828
0:00:00,0
1:00:00,0.11205
2:00:00,3.2428
3:00:00,0.7032
4:00:00,34.379
5:00:00,22.91575
6:00:00,23.95825
7:00:00,0
8:00:00,0
9:00:00,-2.458935
10:00:00,2.5
11:00:00,38.16844
12:00:00,45.5175
13:00:00,107.40987
14:00:00,45.987725
15:00:00,16.17711
16:00:00,51.968
17:00:00,29.2875
18:00:00,7.705
19:00:00,4.16763
20:00:00,8.451939
21:00:00,9.155
22:00:00,17.57384
23:00:00,4.626869
0:00:00,9.590354
1:00:00,25.89378
2:00:00,0
3:00:00,24.65
4:00:00,8.286
5:00:00,6.474481
6:00:00,50.4355
7:00:00,13.463
8:00:00,0.65625
9:00:00,29.63356
10:00:00,0.73815
11:00:00,0
12:00:00,7.37489
13:00:00,2.352321
14:00:00,3.403867
15:00:00,3.2474
16:00:00,23.1575
17:00:00,31.1105
18:00:00,0
19:00:00,0
20:00:00,0
21:00:00,2.5
22:00:00,11.02585
23:00:00,85.0605
0:00:00,0
1:00:00,1.9743
2:00:00,195.1605
3:00:00,0
4:00:00,0
5:00:00,0
6:00:00,0
7:00:00,1.629075
8:00:00,0.59149
9:00:00,3.06493
10:00:00,0
11:00:00,16.86532
12:00:00,0
13:00:00,21.92073
14:00:00,3.2442
15:00:00,0.7703
16:00:00,38.8975
17:00:00,34.23362
18:00:00,5.92248
19:00:00,7.0245
20:00:00,4.15288
21:00:00,8.442557
22:00:00,12.5587
23:00:00,4.2737
0:00:00,0
1:00:00,4.595408
2:00:00,16.856223
3:00:00,23.56644
4:00:00,0
5:00:00,24.65
6:00:00,8.2831
7:00:00,29.4135
8:00:00,4.732
9:00:00,3.08
10:00:00,0
11:00:00,4.82119
12:00:00,0.9
13:00:00,0
14:00:00,0
15:00:00,10.3364
16:00:00,29.5775
17:00:00,18.64965
18:00:00,10.60667
19:00:00,13.94241
20:00:00,5.372423
21:00:00,47.12
22:00:00,1.53864
23:00:00,0
0:00:00,2.2122
1:00:00,51.968
2:00:00,0
3:00:00,0
4:00:00,0
5:00:00,-0.041542
6:00:00,0
7:00:00,5
8:00:00,13.0563
9:00:00,4.5604
10:00:00,0
11:00:00,2.387757
12:00:00,3.85378
13:00:00,23.06525
14:00:00,31.16875
15:00:00,0
16:00:00,0
17:00:00,2.20896
18:00:00,6.06089
19:00:00,0
20:00:00,1.9682
21:00:00,194.6915
22:00:00,0
23:00:00,0
0:00:00,34.2645
1:00:00,0
2:00:00,0
3:00:00,0
4:00:00,0.73815
5:00:00,0
6:00:00,8.94007
7:00:00,2.574103
8:00:00,3.402801
9:00:00,3.2344
10:00:00,0.7701
11:00:00,35.44125
12:00:00,23.20925
13:00:00,32.36025
14:00:00,0
15:00:00,-1.05489
16:00:00,2.5
17:00:00,12.40131
18:00:00,103.3065
19:00:00,141.537
20:00:00,0
21:00:00,6.83396
22:00:00,21.84476
23:00:00,51.904
0:00:00,0
1:00:00,0
2:00:00,0.88605
3:00:00,5.486733
4:00:00,5
5:00:00,15.9898
6:00:00,3.959
7:00:00,0
8:00:00,7.304942
9:00:00,6.784
10:00:00,50.616
11:00:00,1.5345
12:00:00,0.078876
13:00:00,0
14:00:00,2.20428
15:00:00,0
16:00:00,8.10943
17:00:00,0
18:00:00,0
19:00:00,0.0554
20:00:00,0
21:00:00,90.771
22:00:00,3.967
23:00:00,0.24325
0:00:00,2.98571
1:00:00,0.9
2:00:00,0
3:00:00,0
4:00:00,10.4954
5:00:00,29.60519
6:00:00,0.73815
7:00:00,15.23215
8:00:00,14.33262
9:00:00,23.52225
10:00:00,0
11:00:00,1.62855
12:00:00,0.40543
13:00:00,3.05474
14:00:00,13.79953
15:00:00,0
16:00:00,8.71835
17:00:00,3.245
18:00:00,0.77
19:00:00,42.317
20:00:00,108.027
21:00:00,6.912
22:00:00,59.4
23:00:00,1.53198
0:00:00,0
1:00:00,0.0792
2:00:00,1.5621
3:00:00,0
4:00:00,0.63264
5:00:00,0
6:00:00,9.7123
7:00:00,0
8:00:00,1.8304
9:00:00,0
10:00:00,4.735
11:00:00,0.7
12:00:00,0
13:00:00,0
14:00:00,4.11576
15:00:00,0.9
16:00:00,0
17:00:00,0
18:00:00,8.3921
19:00:00,29.63769
20:00:00,2.07895
21:00:00,10.23622
22:00:00,2.23042
23:00:00,2.39331
0:00:00,59.376
1:00:00,1.53612
2:00:00,0
3:00:00,0
4:00:00,2.22804
5:00:00,5.25565
6:00:00,0
7:00:00,1.971
8:00:00,0.0556
9:00:00,0
10:00:00,10.5175
11:00:00,0
12:00:00,0
13:00:00,1.629075
14:00:00,3.08302
15:00:00,0
16:00:00,23.06359
17:00:00,0
18:00:00,30.46858
19:00:00,2.947504
20:00:00,3.2404
21:00:00,0.5579
22:00:00,32.7655
23:00:00,0
0:00:00,80.7125
1:00:00,0
2:00:00,0
3:00:00,-1.046184
4:00:00,0
5:00:00,55.94526
6:00:00,5.2041
7:00:00,12.39445
8:00:00,0.0145
9:00:00,0.679983
10:00:00,7.9493
11:00:00,0
12:00:00,4.7315
13:00:00,0
14:00:00,5.10047
15:00:00,8.8485
16:00:00,0
17:00:00,15.30107
18:00:00,0
19:00:00,101.323
20:00:00,6.848
21:00:00,66.548
22:00:00,0
23:00:00,0.079416
0:00:00,138.26025
1:00:00,2.7916
2:00:00,0
3:00:00,0
4:00:00,0
5:00:00,9.7813
6:00:00,0
7:00:00,51.86662
8:00:00,10.413
9:00:00,0
10:00:00,1.066788
11:00:00,2.5
12:00:00,67.11025
13:00:00,1.0061
14:00:00,0.54688
15:00:00,3.76634
16:00:00,26.506447
17:00:00,0
18:00:00,52.032
19:00:00,1.62855
20:00:00,0
21:00:00,0.41097
22:00:00,0
23:00:00,3.0568
0:00:00,0
1:00:00,15.62612
2:00:00,3.9905
3:00:00,0
4:00:00,34.9545
5:00:00,0
6:00:00,7.0255
7:00:00,4.154
8:00:00,8.451761
9:00:00,10.6652
10:00:00,1.523
11:00:00,0
12:00:00,4.617835
13:00:00,10.812095
14:00:00,0
15:00:00,24.65
16:00:00,8.2832
17:00:00,6.481257
18:00:00,0
19:00:00,86.5485
20:00:00,6.912
21:00:00,0
22:00:00,0.831681
23:00:00,0
0:00:00,0.079164
1:00:00,131.92587
2:00:00,5.4478
3:00:00,0
4:00:00,6.79456
5:00:00,0
6:00:00,0.201971
7:00:00,9.6895
8:00:00,23.148
9:00:00,28.36875
10:00:00,0
11:00:00,0
12:00:00,2.5
13:00:00,30.5054
14:00:00,64.8145
15:00:00,5.129
16:00:00,102.87963
17:00:00,0
18:00:00,18.77785
19:00:00,0.841
20:00:00,22.221
21:00:00,0
22:00:00,1.716225
23:00:00,2.88629
0:00:00,3.06606
1:00:00,0
2:00:00,51.2595
3:00:00,37.214
4:00:00,0.921
5:00:00,8.573
6:00:00,0
7:00:00,8.3921
8:00:00,29.57762
9:00:00,0.7392
10:00:00,0
11:00:00,5.03152
12:00:00,1.85913
13:00:00,1.539097
14:00:00,3.402297
15:00:00,0
16:00:00,0
17:00:00,0
18:00:00,-2.20052
19:00:00,5
20:00:00,13.0451
21:00:00,138.09831
22:00:00,7.305432
23:00:00,1.73726
0:00:00,0
1:00:00,4.15537
2:00:00,9.143
3:00:00,0
4:00:00,0
5:00:00,0
6:00:00,4.614509
7:00:00,10.495425
8:00:00,21.54677
9:00:00,8.2824
10:00:00,6.430459
11:00:00,0
12:00:00,0
13:00:00,91.1565
14:00:00,6.848
15:00:00,-0.304159
16:00:00,0
17:00:00,0.079128
18:00:00,137.94975
19:00:00,6.6712
20:00:00,0
21:00:00,0
22:00:00,0
23:00:00,9.7065
0:00:00,0
1:00:00,42.989
2:00:00,4.731
3:00:00,1.558
4:00:00,0
5:00:00,4.59688
6:00:00,0.9
7:00:00,0
8:00:00,0
9:00:00,8.4318
10:00:00,29.62731
11:00:00,0.7392
12:00:00,13.71569
13:00:00,5.11619
14:00:00,9.72609
15:00:00,3.982628
16:00:00,51.904
17:00:00,0
18:00:00,2.17592
19:00:00,8.738731
20:00:00,5
21:00:00,17.1877
22:00:00,40.33441
23:00:00,4.2312
0:00:00,0.36596
1:00:00,8.53334
2:00:00,17.6915
3:00:00,8.78793
4:00:00,7.022
5:00:00,4.149
6:00:00,8.453749
7:00:00,9.0315
8:00:00,4.8704
9:00:00,16.81843
10:00:00,1.53396
11:00:00,0
12:00:00,0
13:00:00,2.22084
14:00:00,0.68198
15:00:00,0
16:00:00,2.156
17:00:00,0.0558
18:00:00,0.3315
19:00:00,7.018
20:00:00,4.16425
21:00:00,8.452364
22:00:00,9.1609
23:00:00,0
0:00:00,0
1:00:00,4.628108
2:00:00,10.867465
3:00:00,21.10655
4:00:00,24.65
5:00:00,8.2868
6:00:00,6.492543
7:00:00,0
8:00:00,0
9:00:00,94.7665
10:00:00,0
11:00:00,0
12:00:00,3.940338
13:00:00,5
14:00:00,13.0283
15:00:00,137.81838
16:00:00,3.2815
17:00:00,7.283458
18:00:00,4.21385
19:00:00,0
20:00:00,0
21:00:00,0
22:00:00,4.734
23:00:00,0
0:00:00,0
1:00:00,0
2:00:00,0
3:00:00,0.9
4:00:00,0
5:00:00,21.01453
6:00:00,3.27432
7:00:00,11.42582
8:00:00,0.00002
9:00:00,59.632
10:00:00,1.5354
11:00:00,0
12:00:00,2.21472
13:00:00,4.77693
14:00:00,0
15:00:00,0
16:00:00,0.0556
17:00:00,0
18:00:00,17.5995
19:00:00,30.79585
20:00:00,7.0195
21:00:00,8.448596
22:00:00,10.9604
23:00:00,-0.993628
0:00:00,4.3757
1:00:00,16.3675
2:00:00,4.52516
3:00:00,23.775535
4:00:00,0
5:00:00,24.65
6:00:00,8.2842
7:00:00,51.776
8:00:00,0
9:00:00,0
10:00:00,0
11:00:00,13.045772
12:00:00,5
13:00:00,18.2098
14:00:00,10.6645
15:00:00,3.03578
16:00:00,9.865474
17:00:00,12.82216
18:00:00,0
19:00:00,0
20:00:00,0
21:00:00,0
22:00:00,68.280993
23:00:00,13.162186
0:00:00,5
1:00:00,19.324
2:00:00,11.3731
3:00:00,3.03312
4:00:00,10.382113
5:00:00,15.08014
6:00:00,26.73112
7:00:00,7.024
8:00:00,4.13613
9:00:00,8.443103
10:00:00,9.463
11:00:00,20.86897
12:00:00,4.540169
13:00:00,15.68391
14:00:00,20.31312
15:00:00,24.65
16:00:00,8.2874
17:00:00,14.68211
18:00:00,74.004
19:00:00,50.9335
20:00:00,32.16313
21:00:00,0
22:00:00,14.237
23:00:00,29.515
0:00:00,0.88725
1:00:00,0
2:00:00,19.83119
3:00:00,13.15281
4:00:00,6.170541
5:00:00,0.112058
6:00:00,23.37875
7:00:00,23.804
8:00:00,3.14248
9:00:00,0
10:00:00,-4.355018
11:00:00,2.5
12:00:00,20.65899
13:00:00,58.8085
14:00:00,91.09163
15:00:00,49.300164
16:00:00,14.31592
17:00:00,27.307435
18:00:00,51.968
19:00:00,0
20:00:00,1.6779
21:00:00,0
22:00:00,2.4268
23:00:00,15.615134
0:00:00,3.18083
1:00:00,0
2:00:00,31.29868
3:00:00,2.9803
4:00:00,3.02739
5:00:00,0.9555
6:00:00,34.836
7:00:00,88.91837
8:00:00,49.53168
9:00:00,12.91
10:00:00,8.444817
11:00:00,-3.212616
12:00:00,2.385
13:00:00,27.75056
14:00:00,5.010572
15:00:00,14.19315
16:00:00,25.55687
17:00:00,0
18:00:00,24.65
19:00:00,88.58063
20:00:00,46.852
21:00:00,0
22:00:00,-2.692083
23:00:00,2.5
0:00:00,118.19075
1:00:00,1.4803
2:00:00,29.28818
3:00:00,0.078408
4:00:00,53.54212
5:00:00,7.2294
6:00:00,0
7:00:00,0.5923
8:00:00,1.264936
9:00:00,9.745
10:00:00,60.123
11:00:00,1.166
12:00:00,6.0625
13:00:00,28.88925
14:00:00,0
15:00:00,11.654
16:00:00,29.56381
17:00:00,0.76545
18:00:00,0
19:00:00,18.46467
20:00:00,15.15048
21:00:00,7.179446
22:00:00,0.111927
23:00:00,23.02575
0:00:00,2.0268
1:00:00,0
2:00:00,0
3:00:00,2.88828
4:00:00,11.3802
5:00:00,0
6:00:00,5.212
7:00:00,121.37075
8:00:00,1.4038
9:00:00,20.0735
10:00:00,35.7261
11:00:00,7.0135
12:00:00,4.1255
13:00:00,8.443552
14:00:00,9.492
15:00:00,23.46228
16:00:00,4.569543
17:00:00,15.543676
18:00:00,32.12161
19:00:00,0
20:00:00,24.65
21:00:00,8.2848
22:00:00,14.635899
23:00:00,0
0:00:00,83.53975
1:00:00,5.056
2:00:00,29.347214
3:00:00,0
4:00:00,0.076428
5:00:00,68.74087
6:00:00,0.8878
7:00:00,0
8:00:00,2.5333
9:00:00,5.038852
10:00:00,9.6735
11:00:00,0
12:00:00,4.735
13:00:00,5.36
14:00:00,33.15225
15:00:00,5.49692
16:00:00,8.83946
17:00:00,4.1504
18:00:00,0.9
19:00:00,0
20:00:00,0
21:00:00,16.4875
22:00:00,5.70318
23:00:00,7.39507
0:00:00,17.63723
1:00:00,10.68339
2:00:00,5.184
3:00:00,170.1915
4:00:00,2.21634
5:00:00,0
6:00:00,0.077256
7:00:00,3.2508
8:00:00,0
9:00:00,5.86346
10:00:00,9.719
11:00:00,8.62017
12:00:00,20.5817
13:00:00,14.660739
14:00:00,1.8692
15:00:00,1.77984
16:00:00,0
17:00:00,0
18:00:00,2.826
19:00:00,7.63019
20:00:00,0
21:00:00,5.2143
22:00:00,0.055
23:00:00,20.08
0:00:00,64.6615
1:00:00,38.686
2:00:00,32.70587
3:00:00,12.5113
4:00:00,29.53444
5:00:00,0.88725
6:00:00,0
7:00:00,14.88463
8:00:00,7.800562
9:00:00,0.111964
10:00:00,52.224
11:00:00,0
12:00:00,0
13:00:00,0
14:00:00,37.771455
15:00:00,13.184207
16:00:00,5
17:00:00,24.9689
18:00:00,3.03395
19:00:00,10.487255
20:00:00,16.15064
21:00:00,0
22:00:00,4.733
23:00:00,14.18285
0:00:00,5.08957
1:00:00,8.83749
2:00:00,0
3:00:00,0.9
4:00:00,47.87052
5:00:00,7.20899
6:00:00,6.06065
7:00:00,14.548091
8:00:00,0.06295
9:00:00,90.044
10:00:00,5.12
11:00:00,157.3925
12:00:00,2.21814
13:00:00,0
14:00:00,0.07722
15:00:00,0.2611
16:00:00,0
17:00:00,7.33259
18:00:00,1.806558
19:00:00,9.7398
20:00:00,0
21:00:00,5.2245
22:00:00,0
23:00:00,4.735
0:00:00,3.228
1:00:00,35.60725
2:00:00,8.84743
3:00:00,1.69534
4:00:00,0.9
5:00:00,0
6:00:00,0
7:00:00,13.5976
8:00:00,29.5445
9:00:00,3.0236
10:00:00,7.36136
11:00:00,12.95731
12:00:00,9.76042
13:00:00,0
14:00:00,4.736
15:00:00,3.3225
16:00:00,33.86113
17:00:00,9.00637
18:00:00,8.84189
19:00:00,2.28182
20:00:00,8.34214
21:00:00,0
22:00:00,5.2125
23:00:00,0
0:00:00,1.0097
1:00:00,5.7835
2:00:00,20.15275
3:00:00,0
4:00:00,1.62855
5:00:00,3.96785
6:00:00,3.05358
7:00:00,40.9624
8:00:00,0
9:00:00,44.72311
10:00:00,3.2416
11:00:00,0.7562
12:00:00,37.902
13:00:00,43.8985
14:00:00,23.97975
15:00:00,0
16:00:00,-0.273626
17:00:00,2.5
18:00:00,36.64536
19:00:00,45.48475
20:00:00,3.0855
21:00:00,50.127755
22:00:00,16.99909
23:00:00,27.121053
0:00:00,0
1:00:00,0
2:00:00,4.733
3:00:00,7.38
4:00:00,14.20456
5:00:00,5.0881
6:00:00,8.84092
7:00:00,8.03912
8:00:00,0
9:00:00,0.9
10:00:00,0
11:00:00,8.11226
12:00:00,12.46768
13:00:00,0.07066
14:00:00,127.3895
15:00:00,2.05722
16:00:00,0
17:00:00,2.95668
18:00:00,5.70605
19:00:00,0
20:00:00,5.2187
21:00:00,0
22:00:00,2.6884
23:00:00,20.0705
0:00:00,95.6495
1:00:00,58.073
2:00:00,32.86475
3:00:00,29.59963
4:00:00,0.78645
5:00:00,0
6:00:00,37.60564
7:00:00,5.895137
8:00:00,0.248822
9:00:00,4.7007
10:00:00,23.15425
11:00:00,29.3175
12:00:00,17.12196
13:00:00,0
14:00:00,0
15:00:00,2.5
16:00:00,17.28165
17:00:00,69.499
18:00:00,0
19:00:00,5.2139
20:00:00,122.24337
21:00:00,49.939084
22:00:00,23.089
23:00:00,29.31575
0:00:00,17.1379
1:00:00,0
2:00:00,3.23568
3:00:00,11.23471
4:00:00,0
5:00:00,39.20737
6:00:00,0
7:00:00,45.14553
8:00:00,0.111813
9:00:00,3.246
10:00:00,0.7033
11:00:00,39.5605
12:00:00,0
13:00:00,7.0125
14:00:00,4.14537
15:00:00,8.44703
16:00:00,9.0336
17:00:00,15.51032
18:00:00,4.52557
19:00:00,16.656095
20:00:00,0
21:00:00,24.65
22:00:00,8.2881
23:00:00,14.653673
0:00:00,52.032
1:00:00,0
2:00:00,0
3:00:00,0
4:00:00,49.53858
5:00:00,13.17364
6:00:00,5
7:00:00,23.2473
8:00:00,3.03554
9:00:00,10.319232
10:00:00,16.97066
11:00:00,1.8701
12:00:00,23.3455
13:00:00,2.0259
14:00:00,0
15:00:00,0
16:00:00,2.89044
17:00:00,7.91615
18:00:00,0
19:00:00,5.2174
20:00:00,108.696
21:00:00,3.9454
22:00:00,20.072
23:00:00,51.0815
0:00:00,32.32125
1:00:00,0
2:00:00,1.6821
3:00:00,3.43406
4:00:00,3.27689
5:00:00,0
6:00:00,42.62867
7:00:00,0
8:00:00,38.24877
9:00:00,4.2387
10:00:00,0.9606
11:00:00,35.4865
12:00:00,80.69888
13:00:00,48.89153
14:00:00,8.444777
15:00:00,0
16:00:00,-3.993654
17:00:00,2.5
18:00:00,67.99875
19:00:00,1.9497
20:00:00,24.21922
21:00:00,14.02838
22:00:00,28.007071
23:00:00,0
0:00:00,51.968
1:00:00,1.58655
2:00:00,0
3:00:00,1.2053
4:00:00,14.516043
5:00:00,3.08818
6:00:00,0
7:00:00,22.19469
8:00:00,4.7888
9:00:00,3.02117
10:00:00,39.6415
11:00:00,51.776
12:00:00,0
13:00:00,4.533356
14:00:00,17.875975
15:00:00,25.130715
16:00:00,0
17:00:00,24.65
18:00:00,8.2874
19:00:00,0
20:00:00,93.7265
21:00:00,5.12
22:00:00,58.912
23:00:00,0
0:00:00,0.07884
1:00:00,69.15337
2:00:00,4.8691
3:00:00,0
4:00:00,1.4232
5:00:00,1.743277
6:00:00,9.7182
7:00:00,0
8:00:00,0
9:00:00,4.732
10:00:00,7.8335
11:00:00,14.22731
12:00:00,5.0867
13:00:00,8.84462
14:00:00,8.86725
15:00:00,0
16:00:00,0.9
17:00:00,0
18:00:00,0
19:00:00,8.93069
20:00:00,19.12611
21:00:00,19.97642
22:00:00,0.11628
23:00:00,31.076
0:00:00,0
1:00:00,1.727775
2:00:00,3.80102
3:00:00,3.17011
4:00:00,43.7757
5:00:00,0
6:00:00,40.53942
7:00:00,10.9163
8:00:00,3.533
9:00:00,0.7701
10:00:00,36.1335
11:00:00,77.80812
12:00:00,37.73208
13:00:00,8.715
14:00:00,4.02562
15:00:00,8.440395
16:00:00,0.0103
17:00:00,3.8899
18:00:00,23.53875
19:00:00,5.97158
20:00:00,32.930153
21:00:00,0
22:00:00,24.65
23:00:00,8.2859
0:00:00,0
1:00:00,0
2:00:00,0
3:00:00,17.289642
4:00:00,5
5:00:00,24.7012
6:00:00,69.19338
7:00:00,16.391855
8:00:00,13.48956
9:00:00,3.039
10:00:00,4.17087
11:00:00,0
12:00:00,0
13:00:00,9.02479
14:00:00,0
15:00:00,25.797887
16:00:00,50.37282
17:00:00,8.286
18:00:00,14.658737
19:00:00,0.01109
20:00:00,12.91
21:00:00,4.15963
22:00:00,4.73
23:00:00,0.45231
0:00:00,5.09363
1:00:00,8.84439
2:00:00,1.78964
3:00:00,0
4:00:00,0.9
5:00:00,0
6:00:00,20.29529
7:00:00,8.70056
8:00:00,19.31133
9:00:00,2.88328
10:00:00,0
11:00:00,88.62
12:00:00,5.184
13:00:00,58.4
14:00:00,0
15:00:00,0.077976
16:00:00,64.34963
17:00:00,6.1318
18:00:00,0
19:00:00,3.102802
20:00:00,8.9764
21:00:00,0
22:00:00,68.63688
23:00:00,23.9665
0:00:00,0
1:00:00,-2.975494
2:00:00,2.5
3:00:00,36.03545
4:00:00,45.24975
5:00:00,2.8905
6:00:00,49.851391
7:00:00,16.0189
8:00:00,25.510083
9:00:00,52.16
10:00:00,0
11:00:00,0
12:00:00,0
13:00:00,15.59332
14:00:00,5
15:00:00,24.8172
16:00:00,2.9831
17:00:00,3.03404
18:00:00,16.303223
19:00:00,14.66888
20:00:00,12.416
21:00:00,3.40663
22:00:00,0
23:00:00,3.91556
0:00:00,0
1:00:00,6.022289
2:00:00,38.016793
3:00:00,50.60784
4:00:00,24.65
5:00:00,8.2857
6:00:00,14.689008
7:00:00,0.0876
8:00:00,0
9:00:00,100.49675
10:00:00,0
11:00:00,0
12:00:00,20.073113
13:00:00,5
14:00:00,22.891
15:00:00,69.18337
16:00:00,0.4707
17:00:00,13.807245
18:00:00,9.20635
19:00:00,2.5864
20:00:00,0.886605
21:00:00,0
22:00:00,0
23:00:00,0
0:00:00,15.000226
1:00:00,5
2:00:00,20.8361
3:00:00,69.21963
4:00:00,10.531382
5:00:00,9.0306
6:00:00,1.5901
7:00:00,7.147404
8:00:00,37.2485
9:00:00,22.9555
10:00:00,23.9455
11:00:00,0
12:00:00,2.259969
13:00:00,2.5
14:00:00,32.54066
15:00:00,45.52625
16:00:00,3.6572
17:00:00,113.738
18:00:00,50.888854
19:00:00,16.98251
20:00:00,26.374245
21:00:00,24.973
22:00:00,0
23:00:00,1.812825
0:00:00,4.4264
1:00:00,3.11909
2:00:00,43.67295
3:00:00,0
4:00:00,43.13972
5:00:00,11.3739
6:00:00,3.554
7:00:00,0.8031
8:00:00,38.0105
9:00:00,0
10:00:00,83.00225
11:00:00,5.12
12:00:00,93.392
13:00:00,0
14:00:00,0.077436
15:00:00,69.17175
16:00:00,1.5506
17:00:00,0
18:00:00,1.6942
19:00:00,3.395414
20:00:00,8.8347
21:00:00,0
22:00:00,88.742
23:00:00,6.0355
0:00:00,32.09462
1:00:00,6.38482
2:00:00,0
3:00:00,0
4:00:00,16.5
5:00:00,29.61562
6:00:00,0.85155
7:00:00,19.29085
8:00:00,11.64809
9:00:00,6.857882
10:00:00,0.112151
11:00:00,23.2425
12:00:00,25.07975
13:00:00,17.14887
14:00:00,0
15:00:00,3.25296
16:00:00,17.26667
17:00:00,0
18:00:00,5.2125
19:00:00,93.619
20:00:00,50.04419
21:00:00,21.7255
22:00:00,75.6525
23:00:00,58.365
0:00:00,37.62025
1:00:00,0
2:00:00,0.7875
3:00:00,0
4:00:00,23.61797
5:00:00,4.307861
6:00:00,2.259461
7:00:00,4.6977
8:00:00,0.8983
9:00:00,71.27386
10:00:00,58.3645
11:00:00,39.72303
12:00:00,29.626
13:00:00,0.75285
14:00:00,0
15:00:00,11.62149
16:00:00,20.655605
17:00:00,0
18:00:00,51.712
19:00:00,1.654275
20:00:00,0
21:00:00,1.91968
22:00:00,13.115766
23:00:00,3.05361
0:00:00,0
1:00:00,14.30994
2:00:00,7.1387
3:00:00,3.01849
4:00:00,42.0095
5:00:00,43.89281
6:00:00,13.1635
7:00:00,4.16025
8:00:00,8.445281
9:00:00,0
10:00:00,2.4446
11:00:00,29.45487
12:00:00,4.756772
13:00:00,2.137536
14:00:00,0
15:00:00,24.65
16:00:00,8.2897
17:00:00,14.704644
18:00:00,0
19:00:00,75.3755
20:00:00,5.12
21:00:00,0
22:00:00,-4.347554
23:00:00,0
0:00:00,0.077832
1:00:00,69.29775
2:00:00,13.9783
3:00:00,5
4:00:00,16.48994
5:00:00,0.395
6:00:00,10.403836
7:00:00,9.8291
8:00:00,23.671
9:00:00,13.19975
10:00:00,17.1628
11:00:00,0
12:00:00,2.9006
13:00:00,32.812
14:00:00,36.811
15:00:00,5.2109
16:00:00,72.7745
17:00:00,49.752816
18:00:00,19.55666
19:00:00,39.9725
20:00:00,64.80253
21:00:00,0
22:00:00,2.712675
23:00:00,4.11722
0:00:00,3.56873
1:00:00,0
2:00:00,46.57882
3:00:00,0
4:00:00,47.21779
5:00:00,4.552327
6:00:00,4.7466
7:00:00,0.9535
8:00:00,10.6545
9:00:00,30.8275
10:00:00,24.73
11:00:00,4.14175
12:00:00,8.438837
13:00:00,24.851
14:00:00,45.90832
15:00:00,6.141823
16:00:00,40.864372
17:00:00,0
18:00:00,24.65
19:00:00,8.2727
20:00:00,14.651642
21:00:00,52.608
22:00:00,0
23:00:00,0
0:00:00,5.1942
1:00:00,40.2855
2:00:00,105.524
3:00:00,5.12
4:00:00,165.928
5:00:00,2.2113
6:00:00,0
7:00:00,0.077508
8:00:00,0.7595
9:00:00,0
10:00:00,5.67068
11:00:00,1.641217
12:00:00,9.7153
13:00:00,0
14:00:00,3.005
15:00:00,0
16:00:00,4.738
17:00:00,4.33
18:00:00,41.92287
19:00:00,8.83477
20:00:00,4.09794
21:00:00,0.9
22:00:00,0
23:00:00,0
0:00:00,8.8778
1:00:00,29.59925
2:00:00,6.04956
3:00:00,5.23873
4:00:00,16.35433
5:00:00,5.66147
6:00:00,121.4205
7:00:00,2.20482
8:00:00,1.00624
9:00:00,0
10:00:00,3.22956
11:00:00,10.03028
12:00:00,0
13:00:00,5.2114
14:00:00,0.0531
15:00:00,1.7
16:00:00,48.0555
17:00:00,40.42106
18:00:00,0
19:00:00,2.285325
20:00:00,3.10824
21:00:00,0
22:00:00,44.01539
23:00:00,0
0:00:00,45.45248
1:00:00,4.554532
2:00:00,4.0384
3:00:00,0.8029
4:00:00,30.1865
5:00:00,0
6:00:00,74.6655
7:00:00,5.12
8:00:00,0
9:00:00,0
10:00:00,0.810651
11:00:00,0
12:00:00,69.20937
13:00:00,12.3909
14:00:00,16.7567
15:00:00,0.0088
16:00:00,13.116336
17:00:00,9.8095
18:00:00,0
19:00:00,4.7295
20:00:00,14.21828
21:00:00,5.71029
22:00:00,17.24459
23:00:00,0
0:00:00,35.09952
1:00:00,8.96899
2:00:00,18.71616
3:00:00,14.635623
4:00:00,3.19173
5:00:00,2.06064
6:00:00,17.20396
7:00:00,0
8:00:00,5.2171
9:00:00,107.84175
10:00:00,49.831474
11:00:00,34.798
12:00:00,60.34014
13:00:00,57.9475
14:00:00,39.452
15:00:00,0
16:00:00,0.73815
17:00:00,0
18:00:00,31.22536
19:00:00,4.402186
20:00:00,3.269318
21:00:00,2.4107
22:00:00,0.803
23:00:00,69.42475
0:00:00,23.34175
1:00:00,29.347
2:00:00,0
3:00:00,4.206549
4:00:00,2.5
5:00:00,26.51361
6:00:00,123.32875
7:00:00,78.77325
8:00:00,50.830042
9:00:00,15.88948
10:00:00,22.312912
11:00:00,52.032
12:00:00,0
13:00:00,0
14:00:00,3.75465
15:00:00,13.095262
16:00:00,5
17:00:00,18.2357
18:00:00,13.9422
19:00:00,3.01627
20:00:00,9.745498
21:00:00,97.8
22:00:00,2.19708
23:00:00,0.077436
0:00:00,0
1:00:00,3.23028
2:00:00,8.3708
3:00:00,14.11578
4:00:00,0
5:00:00,0
6:00:00,0.0539
7:00:00,36.277
8:00:00,98.37994
9:00:00,6.93
10:00:00,41.9085
11:00:00,8.30327
12:00:00,1
13:00:00,0
14:00:00,1.9
15:00:00,13.6825
16:00:00,29.57875
17:00:00,2.51475
18:00:00,20.31564
19:00:00,14.67944
20:00:00,5.154361
21:00:00,70.97475
22:00:00,24.1785
23:00:00,3.58075
0:00:00,0
1:00:00,-0.024809
2:00:00,4.4
3:00:00,34.18014
4:00:00,0
5:00:00,5.2761
6:00:00,52.5935
7:00:00,48.595042
8:00:00,19.74475
9:00:00,28.017208
10:00:00,63.19981
11:00:00,0
12:00:00,2.583525
13:00:00,1.24913
14:00:00,3.48545
15:00:00,20.10925
16:00:00,0.9
17:00:00,0
18:00:00,0
19:00:00,8.8849
20:00:00,4.51078
21:00:00,5.46463
22:00:00,13.73445
23:00:00,8.93274
0:00:00,5.12
1:00:00,158.2195
2:00:00,2.20842
3:00:00,0
4:00:00,0.076464
5:00:00,3.22992
6:00:00,3.0236
7:00:00,5.35194
8:00:00,8.5655
9:00:00,0
10:00:00,0.0588
11:00:00,30.282
12:00:00,68.24325
13:00:00,52.352
14:00:00,5.6615
15:00:00,41.86913
16:00:00,0
17:00:00,8.8742
18:00:00,29.59225
19:00:00,0.7371
20:00:00,18.46966
21:00:00,12.69308
22:00:00,5.770017
23:00:00,3.962531
0:00:00,23.12225
1:00:00,17.72425
2:00:00,5.5004
3:00:00,0
4:00:00,-0.759375
5:00:00,2.5
6:00:00,28.03143
7:00:00,103.345
8:00:00,5.2083
9:00:00,66.7005
10:00:00,50.248667
11:00:00,19.57961
12:00:00,4.14788
13:00:00,0
14:00:00,14.21077
15:00:00,8.99037
16:00:00,9.93488
17:00:00,0
18:00:00,16.380971
19:00:00,34.86295
20:00:00,9.1874
21:00:00,14.640995
22:00:00,3.25744
23:00:00,0
0:00:00,31.361
1:00:00,5.12
2:00:00,1.521794
3:00:00,0
4:00:00,0.077292
5:00:00,69.19275
6:00:00,11.3714
7:00:00,20
8:00:00,0
9:00:00,17.72645
10:00:00,9.7938
11:00:00,107.87497
12:00:00,40.0385
13:00:00,5.548
14:00:00,43.5315
15:00:00,0
16:00:00,13.6941
17:00:00,29.56162
18:00:00,2.5137
19:00:00,0
20:00:00,19.08717
21:00:00,14.55963
22:00:00,3.706758
23:00:00,4.552946
0:00:00,4.16112
1:00:00,0
2:00:00,0
3:00:00,9.02094
4:00:00,0
5:00:00,3.480737
6:00:00,3.37245
7:00:00,50.33933
8:00:00,7.2586
9:00:00,14.635273
10:00:00,1.83943
11:00:00,0
12:00:00,88.0935
13:00:00,5.184
14:00:00,-5.749732
15:00:00,0
16:00:00,0.077256
17:00:00,69.22488
18:00:00,4.6474
19:00:00,5
20:00:00,0.6815
21:00:00,6.459672
22:00:00,9.8333
23:00:00,0
0:00:00,73.74636
1:00:00,4.7335
2:00:00,6.186
3:00:00,41.88312
4:00:00,9.90108
5:00:00,0.9
6:00:00,0
7:00:00,0
8:00:00,10.7268
9:00:00,29.57375
10:00:00,1.3881
11:00:00,14.61257
12:00:00,19.63772
13:00:00,15.34031
14:00:00,6.170246
15:00:00,52.16
16:00:00,0
17:00:00,4.37312
18:00:00,14.370039
19:00:00,7.8817
20:00:00,21.7158
21:00:00,46.39143
22:00:00,9.0379
23:00:00,3.03817
0:00:00,12.908193
1:00:00,70.26125
2:00:00,30.54038
3:00:00,26.21
4:00:00,4.14162
5:00:00,8.43417
6:00:00,12.563
7:00:00,9.2083
8:00:00,45.998
9:00:00,6.164705
10:00:00,36.883049
11:00:00,27.997743
12:00:00,0
13:00:00,24.65
14:00:00,8.2732
15:00:00,0
16:00:00,25.5135
17:00:00,5.184
18:00:00,99.576
19:00:00,0
20:00:00,0.077832
21:00:00,69.24875
22:00:00,5.589
23:00:00,20
0:00:00,0
1:00:00,6.406945
2:00:00,8.8864
3:00:00,0
4:00:00,0
5:00:00,4.7265
6:00:00,2.6915
7:00:00,14.23872
8:00:00,0
9:00:00,44.78548
10:00:00,0.0694
11:00:00,4.7366
12:00:00,0.7692
13:00:00,11.996
14:00:00,0
15:00:00,25.531
16:00:00,5.12
17:00:00,94.4
18:00:00,0
19:00:00,0.078552
20:00:00,69.28825
21:00:00,0.285
22:00:00,0
23:00:00,0
0:00:00,2.763441
1:00:00,9.6144
2:00:00,0
3:00:00,106.023
4:00:00,2.5575
5:00:00,73.45738
6:00:00,2.20619
7:00:00,0
8:00:00,0
9:00:00,11.7556
10:00:00,29.67625
11:00:00,2.4717
12:00:00,10.22156
13:00:00,13.71638
14:00:00,3.981807
15:00:00,2.536292
16:00:00,24.16475
17:00:00,0
18:00:00,17.14955
19:00:00,0
20:00:00,2.5
21:00:00,16.27762
22:00:00,0
23:00:00,5.2097
0:00:00,61.768
1:00:00,0
2:00:00,40.2465
3:00:00,8.446906
4:00:00,0
5:00:00,0
6:00:00,0
7:00:00,3.433647
8:00:00,5.814555
9:00:00,50.36101
10:00:00,24.65
11:00:00,7.5902
12:00:00,14.652113
13:00:00,0.96273
14:00:00,0
15:00:00,103.878
16:00:00,0
17:00:00,0
18:00:00,-0.501871
19:00:00,5
20:00:00,20.7855
21:00:00,69.11862
22:00:00,1.6797
23:00:00,10.475997
0:00:00,9.977
1:00:00,1.0233
2:00:00,3.050957
3:00:00,0
4:00:00,4.735
5:00:00,0
6:00:00,9.02255
7:00:00,8.84099
8:00:00,6.64716
9:00:00,0
10:00:00,0.9
11:00:00,0
12:00:00,47.4143
13:00:00,7.91004
14:00:00,9.34409
15:00:00,2.19156
16:00:00,106.984
17:00:00,2.1996
18:00:00,0
19:00:00,3.22776
20:00:00,16.54223
21:00:00,0
22:00:00,0
23:00:00,0.0524
0:00:00,6.663
1:00:00,69.82875
2:00:00,35.84112
3:00:00,20.67
4:00:00,8.431019
5:00:00,0
6:00:00,-4.775554
7:00:00,9.2552
8:00:00,43.96625
9:00:00,5.416898
10:00:00,28.004867
11:00:00,0
12:00:00,24.65
13:00:00,8.2726
14:00:00,52.608
15:00:00,0
16:00:00,0
17:00:00,0
18:00:00,15.575567
19:00:00,18
20:00:00,24.8022
21:00:00,3.6125
22:00:00,3.03842
23:00:00,16.497745
0:00:00,16.58452
1:00:00,0
2:00:00,4.7285
3:00:00,14.2409
4:00:00,1.1022
5:00:00,17.28874
6:00:00,1.22822
7:00:00,0
8:00:00,1
9:00:00,1.9
10:00:00,35.38433
11:00:00,7.87479
12:00:00,1.71885
13:00:00,0
14:00:00,1.20945
15:00:00,13.162867
16:00:00,3.03054
17:00:00,0
18:00:00,18.78281
19:00:00,7.137
20:00:00,3.01861
21:00:00,0.8028
22:00:00,45.889
23:00:00,69.90525
0:00:00,41.68129
1:00:00,13.1925
2:00:00,8.445981
3:00:00,-1.014513
4:00:00,2.2764
5:00:00,28.97285
6:00:00,7.33668
7:00:00,20.40029
8:00:00,0
9:00:00,24.65
10:00:00,51.904
11:00:00,0
12:00:00,0
13:00:00,0
14:00:00,13.145805
15:00:00,5
16:00:00,19.1505
17:00:00,11.6276
18:00:00,3.01114
19:00:00,10.413022
20:00:00,12.54354
21:00:00,0
22:00:00,5.43729
23:00:00,9.00816
0:00:00,7.76017
1:00:00,0
2:00:00,38.55903
3:00:00,9.11791
4:00:00,14.717765
5:00:00,2.69314
6:00:00,46.334
7:00:00,59.46632
8:00:00,0
9:00:00,2.71215
10:00:00,3.30362
11:00:00,2.5137
12:00:00,0
13:00:00,46.73749
14:00:00,0
15:00:00,4.557093
16:00:00,4.7464
17:00:00,0.8029
18:00:00,30.017
19:00:00,24.0715
20:00:00,11.80625
21:00:00,17.18253
22:00:00,0
23:00:00,-2.21499
0:00:00,4.4
1:00:00,36.7632
2:00:00,0
3:00:00,55.8705
4:00:00,49.315566
5:00:00,19.27489
6:00:00,52.608
7:00:00,0
8:00:00,0
9:00:00,0
10:00:00,0.172914
11:00:00,15.567219
12:00:00,18
13:00:00,24.7278
14:00:00,2.9797
15:00:00,3.03907
16:00:00,16.550428
17:00:00,12.08295
18:00:00,33.41094
19:00:00,16.092
20:00:00,0
21:00:00,0
22:00:00,-3.854763
23:00:00,1.256026
0:00:00,9.8967
1:00:00,20.2703
2:00:00,0.24251
3:00:00,9.142838
4:00:00,8.13221
5:00:00,0
6:00:00,24.12
7:00:00,1.49544
8:00:00,17.14958
9:00:00,0
10:00:00,2.27124
11:00:00,2.0285
12:00:00,0
13:00:00,5.2098
14:00:00,52.94625
15:00:00,5.4094
16:00:00,40.242
17:00:00,37.31
18:00:00,46.17537
19:00:00,0
20:00:00,2.01285
21:00:00,0.35384
22:00:00,3.12946
23:00:00,0
0:00:00,13.22006
1:00:00,0
2:00:00,29.9443
3:00:00,4.7366
4:00:00,0.709
5:00:00,10.281
6:00:00,77.29762
7:00:00,0.0815
8:00:00,8.442918
9:00:00,0
10:00:00,-1.115368
11:00:00,0
12:00:00,2.0305
13:00:00,30.52524
14:00:00,14.84153
15:00:00,28.02345
16:00:00,0
17:00:00,3.19176
18:00:00,4.57824
19:00:00,0
20:00:00,5.2095
21:00:00,5.1659
22:00:00,40.284
23:00:00,135.76489
0:00:00,42.253
1:00:00,78.64663
2:00:00,11.8383
3:00:00,29.56538
4:00:00,2.51475
5:00:00,0
6:00:00,14.86167
7:00:00,2.981197
8:00:00,2.624235
9:00:00,52.736
10:00:00,0
11:00:00,0
12:00:00,0
13:00:00,-3.877675
14:00:00,0
15:00:00,5
16:00:00,19.9458
17:00:00,0
18:00:00,8.62321
19:00:00,4.53602
20:00:00,0
21:00:00,4.725
22:00:00,14.24775
23:00:00,0
0:00:00,17.37956
1:00:00,0
2:00:00,0.9
3:00:00,25.02659
4:00:00,2.11502
5:00:00,9.63086
6:00:00,14.683216
7:00:00,0.67377
8:00:00,19.4135
9:00:00,5.12
10:00:00,48.224
11:00:00,2.1942
12:00:00,0
13:00:00,0.0783
14:00:00,3.23028
15:00:00,0.7557
16:00:00,0
17:00:00,7.02369
18:00:00,1.656818
19:00:00,9.285
20:00:00,0
21:00:00,5.3714
22:00:00,0
23:00:00,17.30888
0:00:00,1.41133
1:00:00,0
2:00:00,0.9379
3:00:00,0
4:00:00,0.722
5:00:00,4.18996
6:00:00,3.55162
7:00:00,12.20758
8:00:00,0.94575
9:00:00,51.45169
10:00:00,0
11:00:00,2.31525
12:00:00,0.94062
13:00:00,3.44498
14:00:00,14.43673
15:00:00,0
16:00:00,42.59017
17:00:00,0
18:00:00,4.7458
19:00:00,0.709
20:00:00,10.456
21:00:00,76.22125
22:00:00,28.83525
23:00:00,14.0525
0:00:00,4.14838
1:00:00,8.44027
2:00:00,12.0832
3:00:00,1.9596
4:00:00,33.86373
5:00:00,3.36674
6:00:00,13.296357
7:00:00,0
8:00:00,24.65
9:00:00,8.2723
10:00:00,0
11:00:00,0
12:00:00,0
13:00:00,1.374142
14:00:00,5
15:00:00,19.907
16:00:00,69.09725
17:00:00,3.280095
18:00:00,11.29717
19:00:00,0
20:00:00,23.99475
21:00:00,1.51938
22:00:00,17.21311
23:00:00,0
0:00:00,2.45592
1:00:00,2.45097
2:00:00,0
3:00:00,5.2111
4:00:00,63.593
5:00:00,5.3879
6:00:00,40.2675
7:00:00,30.36081
8:00:00,14.0445
9:00:00,4.14962
10:00:00,8.441544
11:00:00,13.0943
12:00:00,37.37615
13:00:00,3.360498
14:00:00,13.904509
15:00:00,33.57401
16:00:00,0
17:00:00,24.65
18:00:00,8.2724
19:00:00,14.692447
20:00:00,0
21:00:00,25.537
22:00:00,5.184
23:00:00,-1.564123
0:00:00,0
1:00:00,0.078408
2:00:00,69.23775
3:00:00,1.14
4:00:00,0
5:00:00,0
6:00:00,1.865318
7:00:00,9.0273
8:00:00,0
9:00:00,4.7255
10:00:00,2.559
11:00:00,79.37675
12:00:00,0
13:00:00,17.40572
14:00:00,0.77047
15:00:00,0.9
16:00:00,0
17:00:00,0
18:00:00,10.2922
19:00:00,2.79633
20:00:00,5.98081
21:00:00,10.63911
22:00:00,8.18319
23:00:00,10.7333
0:00:00,2.07715
1:00:00,0
2:00:00,30.2615
3:00:00,5.12
4:00:00,104.508
5:00:00,0
6:00:00,0.078444
7:00:00,69.279
8:00:00,0.5178
9:00:00,7.4667
10:00:00,4.524789
11:00:00,9.7938
12:00:00,0
13:00:00,71.22163
14:00:00,0
15:00:00,0
16:00:00,-0.637966
17:00:00,2.5
18:00:00,24.89618
19:00:00,0
20:00:00,1.0745
21:00:00,47.148477
22:00:00,18.69015
23:00:00,28.034399
0:00:00,52.864
1:00:00,0
2:00:00,0
3:00:00,0
4:00:00,0
5:00:00,5
6:00:00,19.9315
7:00:00,0
8:00:00,0
9:00:00,8.49338
10:00:00,7.87372
11:00:00,14.06
12:00:00,4.148
13:00:00,11.3944
14:00:00,14.28596
15:00:00,0
16:00:00,3.955306
17:00:00,13.846874
18:00:00,17.81411
19:00:00,24.65
20:00:00,8.2718
21:00:00,14.653166
22:00:00,0.60259
23:00:00,4.15113
0:00:00,8.440327
1:00:00,12.3804
2:00:00,45.12428
3:00:00,3.432287
4:00:00,17.700421
5:00:00,35.02262
6:00:00,24.65
7:00:00,8.2724
8:00:00,14.643114
9:00:00,126.68443
10:00:00,39.141
11:00:00,74.68812
12:00:00,0
13:00:00,11.7629
14:00:00,29.63625
15:00:00,2.43915
16:00:00,0
17:00:00,10.90805
18:00:00,14.01859
19:00:00,2.936826
20:00:00,2.537135
21:00:00,24.23125
22:00:00,0
23:00:00,17.15366
0:00:00,0
1:00:00,-1.218187
2:00:00,2.5
3:00:00,20.5538
4:00:00,0
5:00:00,54.89475
6:00:00,15.778339
7:00:00,15.54716
8:00:00,28.030753
9:00:00,52.736
10:00:00,0
11:00:00,2.004975
12:00:00,0
13:00:00,0.50773
14:00:00,0
15:00:00,3.0692
16:00:00,0
17:00:00,39.09082
18:00:00,0
19:00:00,0
20:00:00,0.7093
21:00:00,7.3095
22:00:00,23.52544
23:00:00,4.03288
0:00:00,2.700194
1:00:00,2.3136
2:00:00,23.02625
3:00:00,29.305
4:00:00,17.0769
5:00:00,0
6:00:00,0
7:00:00,2.5
8:00:00,13.8861
9:00:00,136.042
10:00:00,0
11:00:00,5.212
12:00:00,100.821
13:00:00,50.263288
14:00:00,39.85478
15:00:00,0
16:00:00,1.6107
17:00:00,2.55507
18:00:00,3.0179
19:00:00,0
20:00:00,35.90557
21:00:00,0
22:00:00,33.17183
23:00:00,3.2487
0:00:00,0.8028
1:00:00,36.991
2:00:00,69.46125
3:00:00,37.9335
4:00:00,13.1695
5:00:00,4.157
6:00:00,8.443051
7:00:00,0
8:00:00,6.0426
9:00:00,30.1845
10:00:00,4.668789
11:00:00,0.352147
12:00:00,26.951731
13:00:00,0
14:00:00,24.65
15:00:00,8.272
16:00:00,60.41775
17:00:00,4.7305
18:00:00,7.272
19:00:00,41.895
20:00:00,13.4186
21:00:00,0.9216
22:00:00,0
23:00:00,0.4074
0:00:00,12.4909
1:00:00,29.5595
2:00:00,11.34239
3:00:00,20.18394
4:00:00,15.53106
5:00:00,5.86456
6:00:00,99.272
7:00:00,2.19798
8:00:00,0
9:00:00,3.23244
10:00:00,8.43109
11:00:00,0
12:00:00,5.2099
13:00:00,0
14:00:00,1.7277
15:00:00,40.2985
16:00:00,64.84894
17:00:00,0
18:00:00,2.713725
19:00:00,2.81735
20:00:00,3.51203
21:00:00,44.15069
22:00:00,0
23:00:00,45.72177
0:00:00,4.7411
1:00:00,0.952
2:00:00,9.9815
3:00:00,71.03487
4:00:00,0
5:00:00,0
6:00:00,1.052118
7:00:00,3.2178
8:00:00,34.27931
9:00:00,0
10:00:00,2.3132
11:00:00,47.874885
12:00:00,19.35161
13:00:00,28.019193
14:00:00,0
15:00:00,0
16:00:00,4.728
17:00:00,2.773
18:00:00,14.23669
19:00:00,0
20:00:00,17.35347
21:00:00,2.32888
22:00:00,0
23:00:00,0.9
0:00:00,0
1:00:00,3.31111
2:00:00,4.72848
3:00:00,0.84976
4:00:00,71.984
5:00:00,2.1078
6:00:00,0
7:00:00,2.95524
8:00:00,3.7778
9:00:00,0
10:00:00,5.2092
11:00:00,0
12:00:00,5.3784
13:00:00,40.2305
14:00:00,104.85719
15:00:00,0.153
16:00:00,40.99606
17:00:00,29.64675
18:00:00,2.5158
19:00:00,0
20:00:00,26.16574
21:00:00,2.948381
22:00:00,2.541828
23:00:00,4.7297
